first_name,last_name,password
Torin,Toffanini,pW4{61yWI1D)L_e
Micheline,Adds,lP7/\/eT}9EKabi
Dalston,Peace,rQ7=T!Cetq$
Clarinda,Everest,cR3<{*XT`h3~+/
Gibbie,Parmer,aG5|>2w|ZLO
Cristal,Armit,rT2(aS`\Fh~}+>d
Lyn,Dampney,qV7<DH=K
Jefferey,Dabels,jS1/Q??was'.v
Dulcy,Scoyles,oQ7(Za+Lw+
Hymie,Heaps,bY2|go6J
Lacy,Whisby,tQ0\m6Dux(I
Orbadiah,Gonzalvo,lI7*Ro*A0Xanta#S
Candis,Sate,rU5%RD6==CjYaO
Lucila,Doubleday,cM6!?S&I`&<uIZ@#
Jacques,McNutt,rB1>QBNL5\_z
Neila,Teesdale,"iA8%qMbt""%d*8M|y"
Marge,Archbald,vG6.yS5p`=J
Washington,Bertelmot,eP6#b=5}.I
Pierette,Hansod,iM8<<9fC
Klaus,Terrans,yE1'tw@X3Cl$
Fulvia,Silversmidt,tU1*gOidCQ0q
Upton,Yair,gB5'~7M9MX1%x1+U
Lorens,Roscher,"yJ7""Nb50T"
Emmery,Wordsworth,"oA0\0TExW,''"
Norrie,Overell,"eF4@P,\~I"
Richard,Garnham,dW6#6DJ|+\+2B2
Ferdinand,Pile,rX9_UmxMe
Pinchas,Flieg,gT7&K/0pS/~
Xenos,Soreau,"zL8`~h|<q,}.5hU"
Lynsey,Gaytor,vE1|CAfT|7
Kanya,Lamkin,"wK3,ecwQX#ZB$"
Sherwood,Roache,vH6#=?V*
Claudio,Nairy,cH2'|SalRr>0
Daron,Gerred,"hJ6*V1yv""ARFJtM"
Karylin,Signori,"qD4}V}'~7ejg6+"""
Sukey,Ulyet,"hC1/VN2)""rp"
Mattheus,Ingleby,"jD0*@,w{kI"
Claudia,Antuoni,"kM7<Kj=""E"
Mirabella,Waddy,vJ0\~*b?3JP7!#/|
Gaelan,McReidy,dM9`}i/'gYeZ(oH
Lorianna,Alway,qV9&4F.xSELC}Y7
Cy,Fawcitt,iB7/6AeIyax
Ashla,Neesam,xQ2~IH.e!!X3
Roxie,Jilliss,wD4!)HTmv4B5aPrJ
Sheffield,Cossom,mN9_RoW5XbM
Andrus,Alexandre,dE8<r*I'V'qi+7U0
Benton,Quilligan,bW7~O_h8
Georgie,Marfield,"sQ2!,bspmT#("
Yolanthe,Gerner,"cN1""eI#TFC$ut000"
Chucho,Smallacombe,"kF7}!TU""03lJ4T+4"
Crystal,Daws,vV0#05MZlcP
Dori,O'Gleasane,tJ7/nRqIokW>
Sayer,Roome,vW2/1pOaP6js{dOi
Hannah,Nelthorpe,jE2&px`GP5_{8fBF
Gunner,Claxson,dK6~Tv>RZv.3q
Guillermo,Fernao,nK3{yE%S*zGI
Elianora,Simcox,lT0>*DTeBk4'M
Marjie,Caizley,iN3$e3GA?T7
Allyn,Huxton,nH2}Ir{$LFYL
Broderick,Seignior,cM4@(Y_z*e3MyDL
Pollyanna,Pedden,tP3/3RukpC
Cynde,Broadis,nK8\<>R|Mp'CUZ
Florina,Hammor,bM5#s~U_g\LmS<k#
Della,Kenson,"sK2=qANi""fF,ARq"
Austin,Colicot,"lE1{@~5b""Y"
Earl,Willetts,wR8$5!bF$g7
Raquela,Moger,"hO0*h0n},`53PRf"
Natalie,Ord,xH4*e'*A!g
Zorah,Stickford,wU2#`Ei>=OLQ
Audrye,Worthing,gG9.ngPpC
Alyss,Bruhnsen,aB9?7!&TBZd
Molly,Dradey,dT6*/P~F=M
Mellie,Goodrich,bD3`X9IV3p`#FX
Timmie,Annets,xM5'VSg<0
Galina,Massey,fL0%7$|Isy
Bertram,Mullins,jP5'cD`)%}lgkW
Sorcha,Desesquelle,"fW8=Mf67z_<Gg,7"
Sibyl,Sheering,"sD6&%<""E/z_C"
Rebekkah,Caseri,hR4=%{jMPw&EW9}I
Fairfax,Bason,"cH3\B""DID%ctB"
Forest,Belsey,eU4>CVo}No>
Ellsworth,Ivashnikov,gM8_o/C5
Garrard,Boler,vN9'eh=B
Ardyth,Trendle,yV3%358Y&+Ax
Madelyn,Tanzig,nI7!e<wg
Amie,Toffoloni,oY8.4sxW
Nicholle,Gremain,xO6%<A\z#mQDc
Selle,Sylvester,kS5@_N|bd|pS%
Brynna,Minshaw,vT6#(zgu|3SG`V~
Saba,Aymes,nH3>0eKNNi1
Arden,Smellie,qG2({1vM
Kele,Wheelwright,vW0+C7hy6D
Joellen,Lemin,hE6~C)_7gpD
Tedmund,Lathleiff,"eG6+NIQ"""
Teddi,Alcido,"eV0""|~T*"
Jean,Meadowcraft,sP5>m7%zGFl9i
Stormie,Coverly,iF2=i.%wP
Virge,McFadden,"bD3!,hFJk%"
Alex,Shaw,rL1>q!g<.oO>K
Tedd,Jephcott,bD7'FVP|q
